,Year,State,House Cost,Income,State_Minimum_Wage,House Category,Income Category
0,2008,AL,137250.036361,44480.0,5.85,Low Median Price,Low Income
1,2008,AR,114877.18181166668,39590.0,6.25,Low Median Price,Low Income
2,2008,AZ,201922.81817142855,46910.0,6.9,Middle Median Price,Low Income
3,2008,CA,336043.1818111111,57010.0,8.0,High Median Price,Middle Income
4,2008,CO,230399.3522875,60940.0,7.02,Middle Median Price,Middle Income
5,2008,CT,269690.0,64680.0,7.65,Middle Median Price,Middle Income
6,2008,DE,210382.95455,50700.0,7.15,Middle Median Price,Low Income
7,2008,FL,191100.05928260868,44860.0,6.79,Middle Median Price,Low Income
8,2008,GA,135955.6039035714,46230.0,5.15,Low Median Price,Low Income
9,2008,HI,395057.27273333335,61520.0,7.25,High Median Price,Middle Income
10,2008,IA,133111.36364999998,50140.0,7.25,Low Median Price,Low Income
11,2008,ID,155434.90906666665,47420.0,5.85,Middle Median Price,Low Income
12,2008,IL,109965.42207928572,53250.0,7.75,Low Median Price,Low Income
13,2008,IN,105640.19835,46520.0,5.85,Low Median Price,Low Income
14,2008,KS,116103.0,47880.0,2.65,Low Median Price,Low Income
15,2008,KY,121147.94805,41150.0,5.85,Low Median Price,Low Income
16,2008,LA,134191.431825,39560.0,5.85,Low Median Price,Low Income
17,2008,MA,253549.27274,60320.0,8.0,Middle Median Price,Middle Income
18,2008,MD,196141.4545375,63710.0,6.15,Middle Median Price,Middle Income
19,2008,ME,161086.03033333333,47230.0,7.0,Middle Median Price,Low Income
20,2008,MI,116241.72158875,49790.0,7.15,Low Median Price,Low Income
21,2008,MN,150778.67534285714,54930.0,5.25,Middle Median Price,Low Income
22,2008,MO,121736.62337111113,46040.0,6.65,Low Median Price,Low Income
23,2008,MS,129805.2273,36450.0,5.85,Low Median Price,Low Income
24,2008,MT,196231.52275,42900.0,4.0,Middle Median Price,Low Income
25,2008,NC,162501.8181665,42930.0,6.15,Middle Median Price,Low Income
26,2008,ND,142256.63635000002,49630.0,5.85,Low Median Price,Low Income
27,2008,NE,129142.04545,50730.0,5.85,Low Median Price,Low Income
28,2008,NH,214881.81816666664,66180.0,6.5,Middle Median Price,Middle Income
29,2008,NJ,253393.1818,65310.0,7.15,Middle Median Price,Middle Income
30,2008,NM,183217.8182,42100.0,6.5,Middle Median Price,Low Income
31,2008,NV,253648.4091,54740.0,6.33,Middle Median Price,Low Income
32,2008,NY,140712.36364642857,50460.0,7.15,Low Median Price,Low Income
33,2008,OH,105116.91735545456,46930.0,7.0,Low Median Price,Low Income
34,2008,OK,100026.81818,46110.0,2.0,Low Median Price,Low Income
35,2008,OR,223785.21213333332,51730.0,7.95,Middle Median Price,Low Income
36,2008,PA,140053.10100722223,51400.0,7.15,Low Median Price,Low Income
37,2008,RI,239126.1818,53240.0,7.4,Middle Median Price,Low Income
38,2008,SC,161191.02727,42160.0,5.85,Middle Median Price,Low Income
39,2008,SD,129680.5455,51600.0,5.85,Low Median Price,Low Income
40,2008,TN,113160.494320625,39700.0,5.85,Low Median Price,Low Income
41,2008,TX,130594.64334846154,46490.0,5.85,Low Median Price,Low Income
42,2008,UT,237227.2727333333,62540.0,5.85,Middle Median Price,Middle Income
43,2008,VA,212142.2841,61990.0,5.85,Middle Median Price,Middle Income
44,2008,WA,218314.57575555556,56630.0,8.07,Middle Median Price,Middle Income
45,2008,WI,143507.16042352942,51200.0,6.5,Low Median Price,Low Income
46,2008,WV,94840.81818,37990.0,6.55,Low Median Price,Low Income
47,2008,WY,169667.45455,53340.0,5.15,Middle Median Price,Low Income
48,2009,AL,137360.766667,39980.0,6.55,Low Median Price,Low Income
49,2009,AR,116049.72222666668,36540.0,6.25,Low Median Price,Low Income
50,2009,AZ,180134.9642714286,45740.0,7.25,Middle Median Price,Low Income
51,2009,CA,274605.09876296297,56130.0,8.0,Middle Median Price,Middle Income
52,2009,CO,268239.39814444445,55930.0,7.28,Middle Median Price,Middle Income
53,2009,CT,248907.75,64850.0,8.0,Middle Median Price,Middle Income
54,2009,DE,205079.625,52110.0,7.15,Middle Median Price,Low Income
55,2009,FL,160446.02173913043,45630.0,7.21,Middle Median Price,Low Income
56,2009,GA,132787.26785714284,43340.0,5.15,Low Median Price,Low Income
57,2009,HI,380432.859825,55650.0,7.25,High Median Price,Middle Income
58,2009,IA,129820.8788,50720.0,7.25,Low Median Price,Low Income
59,2009,ID,143441.66666666666,46780.0,6.55,Low Median Price,Low Income
60,2009,IL,118551.92261714286,52870.0,8.0,Low Median Price,Low Income
61,2009,IN,100157.97784923078,44310.0,6.55,Low Median Price,Low Income
62,2009,KS,116554.1667,44720.0,2.65,Low Median Price,Low Income
63,2009,KY,121228.61905714286,42660.0,6.55,Low Median Price,Low Income
64,2009,LA,140320.3541625,45430.0,6.55,Low Median Price,Low Income
65,2009,MA,234418.75,59370.0,8.0,Middle Median Price,Middle Income
66,2009,MD,189065.833325,64190.0,6.55,Middle Median Price,Middle Income
67,2009,ME,143922.020825,47500.0,7.25,Low Median Price,Low Income
68,2009,MI,106628.2509782353,45990.0,7.4,Low Median Price,Low Income
69,2009,MN,141231.04761428572,56090.0,5.25,Low Median Price,Middle Income
70,2009,MO,121268.46591,48770.0,7.05,Low Median Price,Low Income
71,2009,MS,130341.6667,35080.0,6.55,Low Median Price,Low Income
72,2009,MT,187220.77085,40440.0,4.0,Middle Median Price,Low Income
73,2009,NC,158803.416668,41910.0,6.55,Middle Median Price,Low Income
74,2009,ND,144089.58335,50080.0,6.55,Low Median Price,Low Income
75,2009,NE,127745.45835,49600.0,6.55,Low Median Price,Low Income
76,2009,NH,188063.125,64130.0,7.25,Middle Median Price,Middle Income
77,2009,NJ,237196.5625,64780.0,7.15,Middle Median Price,Middle Income
78,2009,NM,178808.33335,43540.0,7.5,Middle Median Price,Low Income
79,2009,NV,196084.84090000004,51430.0,6.55,Middle Median Price,Low Income
80,2009,NY,141926.17777066666,50220.0,7.15,Low Median Price,Low Income
81,2009,OH,99753.65639,45880.0,7.3,Low Median Price,Low Income
82,2009,OK,102571.666666,45880.0,2.0,Low Median Price,Low Income
83,2009,OR,196091.56945,49100.0,8.4,Middle Median Price,Low Income
84,2009,PA,137560.20370722222,48170.0,7.15,Low Median Price,Low Income
85,2009,RI,211375.0,51630.0,7.4,Middle Median Price,Low Income
86,2009,SC,157401.85833,41100.0,6.55,Middle Median Price,Low Income
87,2009,SD,129680.5455,45830.0,6.55,Low Median Price,Low Income
88,2009,TN,113543.61319235292,40520.0,6.55,Low Median Price,Low Income
89,2009,TX,130899.41667461538,47480.0,6.55,Low Median Price,Low Income
90,2009,UT,220055.4583333333,58490.0,6.55,Middle Median Price,Middle Income
91,2009,VA,201066.208325,60500.0,6.55,Middle Median Price,Middle Income
92,2009,WA,210677.6759333333,60390.0,8.55,Middle Median Price,Middle Income
93,2009,WI,137628.59804117648,51240.0,6.5,Low Median Price,Low Income
94,2009,WV,89833.33333,40490.0,7.25,Low Median Price,Low Income
95,2009,WY,169919.5,52470.0,5.15,Middle Median Price,Low Income
96,2010,AL,135487.333343,40930.0,7.25,Low Median Price,Low Income
97,2010,AR,118584.02779999998,38590.0,6.25,Low Median Price,Low Income
98,2010,AZ,162125.11175,46900.0,7.25,Middle Median Price,Low Income
99,2010,CA,267269.9396586207,54280.0,8.0,Middle Median Price,Low Income
100,2010,CO,280636.60834,60230.0,7.24,Middle Median Price,Middle Income
101,2010,CT,258195.25002,66000.0,8.25,Middle Median Price,Middle Income
102,2010,DE,203927.20835,55210.0,7.25,Middle Median Price,Middle Income
103,2010,FL,148791.27899260868,44070.0,7.25,Low Median Price,Low Income
104,2010,GA,129218.95001333332,44120.0,5.15,Low Median Price,Low Income
105,2010,HI,377184.3125,59540.0,7.25,High Median Price,Middle Income
106,2010,IA,118771.1647725,49020.0,7.25,Low Median Price,Low Income
107,2010,ID,131297.36113333332,47050.0,7.25,Low Median Price,Low Income
108,2010,IL,112260.289904,50730.0,8.25,Low Median Price,Low Income
109,2010,IN,104092.93589461538,46140.0,7.25,Low Median Price,Low Income
110,2010,KS,118070.1667,46050.0,7.25,Low Median Price,Low Income
111,2010,KY,123041.64285714286,41100.0,7.25,Low Median Price,Low Income
112,2010,LA,140192.7291875,39300.0,7.25,Low Median Price,Low Income
113,2010,MA,245230.83334,60930.0,8.0,Middle Median Price,Middle Income
114,2010,MD,183440.1041675,64200.0,7.25,Middle Median Price,Middle Income
115,2010,ME,146730.81247499998,47930.0,7.5,Low Median Price,Low Income
116,2010,MI,104835.79670833336,46280.0,7.4,Low Median Price,Low Income
117,2010,MN,134156.90556666665,52320.0,5.25,Low Median Price,Low Income
118,2010,MO,119413.908337,45820.0,7.25,Low Median Price,Low Income
119,2010,MS,122513.9167,38160.0,7.25,Low Median Price,Low Income
120,2010,MT,186467.5,41280.0,4.0,Middle Median Price,Low Income
121,2010,NC,150910.4617947826,43830.0,7.25,Middle Median Price,Low Income
122,2010,ND,151024.91665,51010.0,7.25,Middle Median Price,Low Income
123,2010,NE,129883.33335,52500.0,7.25,Low Median Price,Low Income
124,2010,NH,188572.916675,66630.0,7.25,Middle Median Price,Middle Income
125,2010,NJ,239692.270825,62970.0,7.25,Middle Median Price,Middle Income
126,2010,NM,176131.04165,45130.0,7.5,Middle Median Price,Low Income
127,2010,NV,173205.01666,51200.0,6.55,Middle Median Price,Low Income
128,2010,NY,145095.253698,49780.0,7.25,Low Median Price,Low Income
129,2010,OH,99854.18333733334,45890.0,7.3,Low Median Price,Low Income
130,2010,OK,106461.249994,43100.0,2.0,Low Median Price,Low Income
131,2010,OR,189562.61805,50600.0,8.4,Middle Median Price,Low Income
132,2010,PA,137581.82407055554,48310.0,7.25,Low Median Price,Low Income
133,2010,RI,213631.3333,51620.0,7.4,Middle Median Price,Low Income
134,2010,SC,161436.09166,41700.0,7.25,Middle Median Price,Low Income
135,2010,SD,143054.1667,45350.0,7.25,Low Median Price,Low Income
136,2010,TN,114240.01469941175,38590.0,7.25,Low Median Price,Low Income
137,2010,TX,130445.50270214288,47270.0,7.25,Low Median Price,Low Income
138,2010,UT,213898.6389,56700.0,7.25,Middle Median Price,Middle Income
139,2010,VA,203735.625,60370.0,7.25,Middle Median Price,Middle Income
140,2010,WA,209117.15740000003,56160.0,8.55,Middle Median Price,Middle Income
141,2010,WI,134585.69444444444,50350.0,7.25,Low Median Price,Low Income
142,2010,WV,93985.16667,42780.0,7.25,Low Median Price,Low Income
143,2010,WY,168092.0833,52200.0,5.15,Middle Median Price,Low Income
144,2011,AL,132609.175004,42590.0,7.25,Low Median Price,Low Income
145,2011,AR,118323.00001666666,41300.0,6.25,Low Median Price,Low Income
146,2011,AZ,147805.12542222222,48620.0,7.35,Low Median Price,Low Income
147,2011,CA,246635.45555666665,53370.0,8.0,Middle Median Price,Low Income
148,2011,CO,272027.6666666667,58630.0,7.36,Middle Median Price,Middle Income
149,2011,CT,243652.68332,65420.0,8.25,Middle Median Price,Middle Income
150,2011,DE,189007.08335,54660.0,7.25,Middle Median Price,Low Income
151,2011,FL,140227.64130478262,45110.0,7.25,Low Median Price,Low Income
152,2011,GA,117698.39432764704,45970.0,5.15,Low Median Price,Low Income
153,2011,HI,358858.145825,59050.0,7.25,High Median Price,Middle Income
154,2011,IA,122641.666675,50220.0,7.25,Low Median Price,Low Income
155,2011,ID,119189.72223333332,47460.0,7.25,Low Median Price,Low Income
156,2011,IL,104271.52123764704,50640.0,8.25,Low Median Price,Low Income
157,2011,IN,100186.83333142856,44450.0,7.25,Low Median Price,Low Income
158,2011,KS,118016.6667,46150.0,7.25,Low Median Price,Low Income
159,2011,KY,121225.638875,39860.0,7.25,Low Median Price,Low Income
160,2011,LA,141761.84375,40660.0,7.25,Low Median Price,Low Income
161,2011,MA,236666.05,63310.0,8.0,Middle Median Price,Middle Income
162,2011,MD,175476.458325,68880.0,7.25,Middle Median Price,Middle Income
163,2011,ME,144125.416675,49690.0,7.5,Low Median Price,Low Income
164,2011,MI,101441.89583449998,48880.0,7.4,Low Median Price,Low Income
165,2011,MN,129558.32574818184,57820.0,5.25,Low Median Price,Middle Income
166,2011,MO,115899.22045,45770.0,7.25,Low Median Price,Low Income
167,2011,MS,113260.416665,41090.0,7.25,Low Median Price,Low Income
168,2011,MT,182503.3125,40280.0,4.0,Middle Median Price,Low Income
169,2011,NC,145325.79155384615,45210.0,7.25,Low Median Price,Low Income
170,2011,ND,153889.5833,56360.0,7.25,Middle Median Price,Middle Income
171,2011,NE,129060.25,55620.0,7.25,Low Median Price,Middle Income
172,2011,NH,179248.95835,65880.0,7.25,Middle Median Price,Middle Income
173,2011,NJ,232161.750025,62340.0,7.25,Middle Median Price,Middle Income
174,2011,NM,165845.83335,41980.0,7.5,Middle Median Price,Low Income
175,2011,NV,145747.40278333332,47040.0,7.25,Low Median Price,Low Income
176,2011,NY,142486.322908125,50640.0,7.25,Low Median Price,Low Income
177,2011,OH,98290.40510736842,44650.0,7.4,Low Median Price,Low Income
178,2011,OK,102757.31945,48460.0,2.0,Low Median Price,Low Income
179,2011,OR,166992.22024285715,51530.0,8.5,Middle Median Price,Low Income
180,2011,PA,131105.0549215,49910.0,7.25,Low Median Price,Low Income
181,2011,RI,202187.5,49030.0,7.4,Middle Median Price,Low Income
182,2011,SC,153677.77499,40080.0,7.25,Middle Median Price,Low Income
183,2011,SD,137664.8333,47220.0,7.25,Low Median Price,Low Income
184,2011,TN,111950.57870944444,42280.0,7.25,Low Median Price,Low Income
185,2011,TX,132539.68021941176,49050.0,7.25,Low Median Price,Low Income
186,2011,UT,196456.80556666665,55490.0,7.25,Middle Median Price,Middle Income
187,2011,VA,197140.9895875,62620.0,7.25,Middle Median Price,Middle Income
188,2011,WA,199282.62963333333,56850.0,8.67,Middle Median Price,Middle Income
189,2011,WI,125265.01852444444,52060.0,7.25,Low Median Price,Low Income
190,2011,WV,92366.66667,41820.0,7.25,Low Median Price,Low Income
191,2011,WY,165967.0833,54510.0,5.15,Middle Median Price,Low Income
192,2012,AL,140877.35834,43460.0,7.25,Low Median Price,Low Income
193,2012,AR,122112.20237142856,39020.0,6.25,Low Median Price,Low Income
194,2012,AZ,150105.9537111111,47040.0,7.65,Middle Median Price,Low Income
195,2012,CA,252492.79444,57020.0,8.0,Middle Median Price,Middle Income
196,2012,CO,259196.2613642857,57260.0,7.64,Middle Median Price,Middle Income
197,2012,CT,239069.99998,64250.0,8.25,Middle Median Price,Middle Income
198,2012,DE,190256.16665,48970.0,7.25,Middle Median Price,Low Income
199,2012,FL,141325.63888333333,46070.0,7.67,Low Median Price,Low Income
200,2012,GA,120859.4901982353,48120.0,5.15,Low Median Price,Low Income
201,2012,HI,365012.97915,56260.0,7.25,High Median Price,Middle Income
202,2012,IA,124318.75,53440.0,7.25,Low Median Price,Low Income
203,2012,ID,133340.92805,47920.0,7.25,Low Median Price,Low Income
204,2012,IL,107180.6715682353,51740.0,8.25,Low Median Price,Low Income
205,2012,IN,104806.43452642857,46160.0,7.25,Low Median Price,Low Income
206,2012,KS,119895.8333,50000.0,7.25,Low Median Price,Low Income
207,2012,KY,121920.1458375,41090.0,7.25,Low Median Price,Low Income
208,2012,LA,145216.46875,39090.0,7.25,Low Median Price,Low Income
209,2012,MA,235907.45,63660.0,8.0,Middle Median Price,Middle Income
210,2012,MD,178056.87501750002,71840.0,7.25,Middle Median Price,Middle Income
211,2012,ME,148530.47915,49160.0,7.5,Low Median Price,Low Income
212,2012,MI,104606.64393636365,50020.0,7.4,Low Median Price,Low Income
213,2012,MN,133395.79546636363,61800.0,5.25,Low Median Price,Middle Income
214,2012,MO,121585.391664,49760.0,7.25,Low Median Price,Low Income
215,2012,MS,116989.58335,36640.0,7.25,Low Median Price,Low Income
216,2012,MT,185285.9375,45090.0,4.0,Middle Median Price,Low Income
217,2012,NC,147863.15327964287,41550.0,7.25,Low Median Price,Low Income
218,2012,ND,160575.0,55770.0,7.25,Middle Median Price,Middle Income
219,2012,NE,132725.0,52200.0,7.25,Low Median Price,Low Income
220,2012,NH,176597.916675,67820.0,7.25,Middle Median Price,Middle Income
221,2012,NJ,228819.374975,66690.0,7.25,Middle Median Price,Middle Income
222,2012,NM,165757.66665,43420.0,7.5,Middle Median Price,Low Income
223,2012,NV,145303.02777166668,47330.0,7.25,Low Median Price,Low Income
224,2012,NY,140708.11979625002,47680.0,7.25,Low Median Price,Low Income
225,2012,OH,100190.8166785,44380.0,7.7,Low Median Price,Low Income
226,2012,OK,108327.73609333334,48410.0,2.0,Low Median Price,Low Income
227,2012,OR,171547.55706,51780.0,8.8,Middle Median Price,Low Income
228,2012,PA,132702.7375085,51900.0,7.25,Low Median Price,Low Income
229,2012,RI,196072.5,56070.0,7.4,Middle Median Price,Middle Income
230,2012,SC,153789.80833,44400.0,7.25,Middle Median Price,Low Income
231,2012,SD,151623.0644,49420.0,7.25,Middle Median Price,Low Income
232,2012,TN,113541.85185944445,43000.0,7.25,Low Median Price,Low Income
233,2012,TX,135880.591665,51930.0,7.25,Low Median Price,Low Income
234,2012,UT,207521.86108333332,58340.0,7.25,Middle Median Price,Middle Income
235,2012,VA,200740.947925,64630.0,7.25,Middle Median Price,Middle Income
236,2012,WA,195305.12963333333,62190.0,9.04,Middle Median Price,Middle Income
237,2012,WI,127056.25925888888,53080.0,7.25,Low Median Price,Low Income
238,2012,WV,101287.5,43550.0,7.25,Low Median Price,Low Income
239,2012,WY,176419.5833,57510.0,5.15,Middle Median Price,Middle Income
240,2013,AL,149135.32224,47320.0,7.25,Low Median Price,Low Income
241,2013,AR,119430.20835375,39380.0,6.25,Low Median Price,Low Income
242,2013,AZ,160833.32408888888,52610.0,7.8,Middle Median Price,Low Income
243,2013,CA,295483.9527733333,60790.0,8.0,Middle Median Price,Middle Income
244,2013,CO,262446.01785,67910.0,7.78,Middle Median Price,Middle Income
245,2013,CT,239710.51666,69290.0,8.25,Middle Median Price,Middle Income
246,2013,DE,192883.91665,54090.0,7.25,Middle Median Price,Low Income
247,2013,FL,155501.44097916668,48530.0,7.79,Middle Median Price,Low Income
248,2013,GA,123948.82895052632,46990.0,5.15,Low Median Price,Low Income
249,2013,HI,390027.97915,64240.0,7.25,High Median Price,Middle Income
250,2013,IA,128575.520825,60160.0,7.25,Low Median Price,Middle Income
251,2013,ID,145320.854175,48470.0,7.25,Low Median Price,Low Income
252,2013,IL,107129.5147152941,53940.0,8.25,Low Median Price,Low Income
253,2013,IN,107810.00594785716,49460.0,7.25,Low Median Price,Low Income
254,2013,KS,120783.1667,47820.0,7.25,Low Median Price,Low Income
255,2013,KY,120280.47223333332,44880.0,7.25,Low Median Price,Low Income
256,2013,LA,148850.104175,46430.0,7.25,Low Median Price,Low Income
257,2013,MA,245292.93332,62530.0,8.0,Middle Median Price,Middle Income
258,2013,MD,206485.333334,69350.0,7.25,Middle Median Price,Middle Income
259,2013,ME,151954.56252500002,54960.0,7.5,Middle Median Price,Low Income
260,2013,MI,111589.35226636364,56570.0,7.4,Low Median Price,Middle Income
261,2013,MN,142782.23484272728,64320.0,5.25,Low Median Price,Middle Income
262,2013,MO,125666.058343,46300.0,7.35,Low Median Price,Low Income
263,2013,MS,121648.5833,32340.0,7.25,Low Median Price,Low Income
264,2013,MT,194763.333325,43200.0,4.0,Middle Median Price,Low Income
265,2013,NC,147772.03735413792,46340.0,7.25,Low Median Price,Low Income
266,2013,ND,178976.83329999997,59150.0,7.25,Middle Median Price,Middle Income
267,2013,NE,135760.41665,57620.0,7.25,Low Median Price,Middle Income
268,2013,NH,186272.916675,69100.0,7.25,Middle Median Price,Middle Income
269,2013,NJ,224881.3125,63750.0,7.25,Middle Median Price,Middle Income
270,2013,NM,149147.63890000002,40170.0,7.5,Low Median Price,Low Income
271,2013,NV,173935.41668333334,51850.0,7.25,Middle Median Price,Low Income
272,2013,NY,145296.192710625,49970.0,7.25,Low Median Price,Low Income
273,2013,OH,102325.62540142858,50750.0,7.85,Low Median Price,Low Income
274,2013,OK,113454.7639,46160.0,2.0,Low Median Price,Low Income
275,2013,OR,185287.03333333333,49000.0,8.95,Middle Median Price,Low Income
276,2013,PA,133818.07501149998,55160.0,7.25,Low Median Price,Middle Income
277,2013,RI,205066.6667,56320.0,7.75,Middle Median Price,Middle Income
278,2013,SC,153595.03030909091,43560.0,7.25,Middle Median Price,Low Income
279,2013,SD,156614.625,53410.0,7.25,Middle Median Price,Low Income
280,2013,TN,117257.31944666668,43360.0,7.25,Low Median Price,Low Income
281,2013,TX,143524.05555714286,51410.0,7.25,Low Median Price,Low Income
282,2013,UT,230311.09725,61050.0,7.25,Middle Median Price,Middle Income
283,2013,VA,209423.53125,65910.0,7.25,Middle Median Price,Middle Income
284,2013,WA,203448.75926666663,63920.0,9.19,Middle Median Price,Middle Income
285,2013,WI,132145.11110944446,51730.0,7.25,Low Median Price,Low Income
286,2013,WV,103564.5833,43070.0,7.25,Low Median Price,Low Income
287,2013,WY,181369.7917,67440.0,5.15,Middle Median Price,Middle Income
288,2014,AL,145498.94698181818,42280.0,7.25,Low Median Price,Low Income
289,2014,AR,121175.61728111112,44920.0,6.25,Low Median Price,Low Income
290,2014,AZ,172278.8148,49250.0,7.9,Middle Median Price,Low Income
291,2014,CA,326351.38889,60490.0,9.0,High Median Price,Middle Income
292,2014,CO,273673.4761857143,60940.0,8.0,Middle Median Price,Middle Income
293,2014,CT,241224.55,70160.0,8.7,Middle Median Price,Middle Income
294,2014,DE,192545.75,57520.0,7.75,Middle Median Price,Middle Income
295,2014,FL,167682.55208041664,46140.0,7.93,Middle Median Price,Low Income
296,2014,GA,129418.6306785,49560.0,5.15,Low Median Price,Low Income
297,2014,HI,418471.625,71220.0,7.25,High Median Price,Middle Income
298,2014,IA,127735.911106,57810.0,7.25,Low Median Price,Middle Income
299,2014,ID,150202.479175,53440.0,7.25,Middle Median Price,Low Income
300,2014,IL,107957.67157235292,54920.0,8.25,Low Median Price,Low Income
301,2014,IN,110326.96428785716,48060.0,7.25,Low Median Price,Low Income
302,2014,KS,122466.6667,53440.0,7.25,Low Median Price,Low Income
303,2014,KY,117503.076667,42790.0,7.25,Low Median Price,Low Income
304,2014,LA,151316.145825,42410.0,7.25,Middle Median Price,Low Income
305,2014,MA,251669.88334,63150.0,8.0,Middle Median Price,Middle Income
306,2014,MD,213975.833334,76170.0,7.25,Middle Median Price,Middle Income
307,2014,ME,150803.64585,51710.0,7.5,Middle Median Price,Low Income
308,2014,MI,117475.8446890909,52010.0,8.15,Low Median Price,Low Income
309,2014,MN,147577.66667272727,67240.0,6.5,Low Median Price,Middle Income
310,2014,MO,126026.77416666666,56630.0,7.5,Low Median Price,Middle Income
311,2014,MS,126977.0,35520.0,7.25,Low Median Price,Low Income
312,2014,MT,201710.812475,51100.0,7.9,Middle Median Price,Low Income
313,2014,NC,148664.06035068966,46780.0,7.25,Low Median Price,Low Income
314,2014,ND,188620.45835,60730.0,7.25,Middle Median Price,Middle Income
315,2014,NE,140937.5,56870.0,7.25,Low Median Price,Middle Income
316,2014,NH,186518.75,73400.0,7.25,Middle Median Price,Middle Income
317,2014,NJ,235413.208325,65240.0,8.25,Middle Median Price,Middle Income
318,2014,NM,156199.375025,46690.0,7.5,Middle Median Price,Low Income
319,2014,NV,194613.8889,49880.0,7.25,Middle Median Price,Low Income
320,2014,NY,145285.052086875,54310.0,8.0,Low Median Price,Low Income
321,2014,OH,104072.5942004348,49640.0,7.25,Low Median Price,Low Income
322,2014,OK,116774.23609333334,47200.0,2.0,Low Median Price,Low Income
323,2014,OR,195448.09444,58880.0,9.1,Middle Median Price,Middle Income
324,2014,PA,135655.04293,55170.0,7.25,Low Median Price,Middle Income
325,2014,RI,212158.3333,58630.0,8.0,Middle Median Price,Middle Income
326,2014,SC,154433.36362727277,44930.0,7.25,Middle Median Price,Low Income
327,2014,SD,163329.7083,53050.0,7.25,Middle Median Price,Low Income
328,2014,TN,119047.98486052633,43720.0,7.25,Low Median Price,Low Income
329,2014,TX,149028.35916666666,53880.0,7.25,Low Median Price,Low Income
330,2014,UT,237815.875,63380.0,7.25,Middle Median Price,Middle Income
331,2014,VA,212095.59375,66160.0,7.25,Middle Median Price,Middle Income
332,2014,WA,210708.14814444445,59070.0,9.32,Middle Median Price,Middle Income
333,2014,WI,136105.916665,58080.0,7.25,Low Median Price,Middle Income
334,2014,WV,99279.16667,39550.0,7.25,Low Median Price,Low Income
335,2014,WY,195427.91665,55690.0,5.15,Middle Median Price,Middle Income
336,2015,AL,144188.61363636365,44510.0,7.25,Low Median Price,Low Income
337,2015,AR,124699.60186333332,42800.0,7.5,Low Median Price,Low Income
338,2015,AZ,181115.62963333333,52250.0,8.05,Middle Median Price,Low Income
339,2015,CA,351513.60556,63640.0,9.0,High Median Price,Middle Income
340,2015,CO,289901.53571428574,66600.0,8.23,Middle Median Price,Middle Income
341,2015,CT,243565.83334,72890.0,9.15,Middle Median Price,Middle Income
342,2015,DE,199151.875,57760.0,8.25,Middle Median Price,Middle Income
343,2015,FL,180413.62153333327,48830.0,8.05,Middle Median Price,Low Income
344,2015,GA,136265.46667,50770.0,5.15,Low Median Price,Low Income
345,2015,HI,453529.16665,64510.0,7.75,High Median Price,Middle Income
346,2015,IA,130593.500006,60860.0,7.25,Low Median Price,Middle Income
347,2015,ID,160265.625,51620.0,7.25,Middle Median Price,Low Income
348,2015,IL,110464.32843117646,60410.0,8.25,Low Median Price,Middle Income
349,2015,IN,116192.30556466668,51980.0,7.25,Low Median Price,Low Income
350,2015,KS,132308.3333,54870.0,7.25,Low Median Price,Low Income
351,2015,KY,126738.06818818185,42390.0,7.25,Low Median Price,Low Income
352,2015,LA,157216.291675,45920.0,7.25,Middle Median Price,Low Income
353,2015,MA,260176.66666,67860.0,9.0,Middle Median Price,Middle Income
354,2015,MD,207734.683314,73590.0,8.25,Middle Median Price,Middle Income
355,2015,ME,154847.1458,50760.0,7.5,Middle Median Price,Low Income
356,2015,MI,123198.4052959091,54200.0,8.15,Low Median Price,Low Income
357,2015,MN,154295.8409090909,68730.0,7.25,Middle Median Price,Middle Income
358,2015,MO,132178.340275,59200.0,7.65,Low Median Price,Middle Income
359,2015,MS,137853.125,40040.0,7.25,Low Median Price,Low Income
360,2015,MT,213931.666675,51400.0,8.05,Middle Median Price,Low Income
361,2015,NC,156647.73276310344,50800.0,7.25,Middle Median Price,Low Income
362,2015,ND,206138.95835,57420.0,7.25,Middle Median Price,Middle Income
363,2015,NE,148770.83335,60470.0,8.0,Low Median Price,Middle Income
364,2015,NH,193547.291675,75680.0,7.25,Middle Median Price,Middle Income
365,2015,NJ,229968.22915,68360.0,8.38,Middle Median Price,Middle Income
366,2015,NM,156157.9375,45120.0,7.5,Middle Median Price,Low Income
367,2015,NV,217641.3194166667,52010.0,7.25,Middle Median Price,Low Income
368,2015,NY,148688.265620625,58010.0,8.75,Low Median Price,Middle Income
369,2015,OH,108986.46180875,53300.0,7.25,Low Median Price,Low Income
370,2015,OK,115723.87143857144,47080.0,2.0,Low Median Price,Low Income
371,2015,OR,207627.8833266667,60830.0,9.25,Middle Median Price,Middle Income
372,2015,PA,137512.77582318182,60390.0,7.25,Low Median Price,Middle Income
373,2015,RI,223229.1667,55700.0,9.0,Middle Median Price,Middle Income
374,2015,SC,161132.73484545454,46360.0,7.25,Middle Median Price,Low Income
375,2015,SD,175304.16665,55070.0,8.5,Middle Median Price,Middle Income
376,2015,TN,124159.15789105264,47330.0,7.25,Low Median Price,Low Income
377,2015,TX,156576.260425,56470.0,7.25,Middle Median Price,Middle Income
378,2015,UT,256524.54165,66260.0,7.25,Middle Median Price,Middle Income
379,2015,VA,212078.21547777776,61490.0,7.25,Middle Median Price,Middle Income
380,2015,WA,225132.96296666667,67240.0,9.47,Middle Median Price,Middle Income
381,2015,WI,140156.89813888888,55430.0,7.25,Low Median Price,Middle Income
382,2015,WV,113758.3333,42820.0,8.0,Low Median Price,Low Income
383,2015,WY,203160.2083,60930.0,5.15,Middle Median Price,Middle Income
384,2016,AL,137665.43055833332,47220.0,7.25,Low Median Price,Low Income
385,2016,AR,128554.90740333332,45910.0,8.0,Low Median Price,Low Income
386,2016,AZ,192554.62962222224,57100.0,8.05,Middle Median Price,Middle Income
387,2016,CA,375402.6861133333,66640.0,10.0,High Median Price,Middle Income
388,2016,CO,310326.2023857143,70570.0,8.31,High Median Price,Middle Income
389,2016,CT,243300.21666,75920.0,9.6,Middle Median Price,Middle Income
390,2016,DE,209257.66665,58050.0,8.25,Middle Median Price,Middle Income
391,2016,FL,193978.18402208333,51180.0,8.05,Middle Median Price,Low Income
392,2016,GA,140238.55000000002,53530.0,5.15,Low Median Price,Low Income
393,2016,HI,479384.895825,72130.0,8.5,High Median Price,Middle Income
394,2016,IA,133401.88332599998,59090.0,7.25,Low Median Price,Middle Income
395,2016,ID,172182.020825,56560.0,7.25,Middle Median Price,Middle Income
396,2016,IL,113436.26960235291,61390.0,8.25,Low Median Price,Middle Income
397,2016,IN,120583.7656275,56090.0,7.25,Low Median Price,Middle Income
398,2016,KS,135362.5,56810.0,7.25,Low Median Price,Middle Income
399,2016,KY,129449.8409118182,45370.0,7.25,Low Median Price,Low Income
400,2016,LA,164116.1458375,42200.0,7.25,Middle Median Price,Low Income
401,2016,MA,266809.43334,72270.0,10.0,Middle Median Price,Middle Income
402,2016,MD,216619.35,73760.0,8.75,Middle Median Price,Middle Income
403,2016,ME,163000.854175,50860.0,7.5,Middle Median Price,Low Income
404,2016,MI,130328.99999681818,57090.0,8.5,Low Median Price,Middle Income
405,2016,MN,165876.31060909093,70220.0,7.25,Middle Median Price,Middle Income
406,2016,MO,135596.29861666667,55020.0,7.65,Low Median Price,Middle Income
407,2016,MS,143644.7917,41100.0,7.25,Low Median Price,Low Income
408,2016,MT,227208.33335,57080.0,8.05,Middle Median Price,Middle Income
409,2016,NC,161559.4811816129,53760.0,7.25,Middle Median Price,Low Income
410,2016,ND,215952.91665,60180.0,7.25,Middle Median Price,Middle Income
411,2016,NE,156125.0,59370.0,9.0,Middle Median Price,Middle Income
412,2016,NH,200851.35415,76260.0,7.25,Middle Median Price,Middle Income
413,2016,NJ,224680.291675,68470.0,8.38,Middle Median Price,Middle Income
414,2016,NM,157497.375,48450.0,7.5,Middle Median Price,Low Income
415,2016,NV,237097.20831666663,55430.0,7.25,Middle Median Price,Middle Income
416,2016,NY,151680.781254375,61440.0,9.0,Middle Median Price,Middle Income
417,2016,OH,112900.18402625,53990.0,7.25,Low Median Price,Low Income
418,2016,OK,121187.2857242857,50940.0,2.0,Low Median Price,Low Income
419,2016,OR,225498.98332,59140.0,9.75,Middle Median Price,Middle Income
420,2016,PA,142429.15908318182,60980.0,7.25,Low Median Price,Middle Income
421,2016,RI,239283.3333,61530.0,9.6,Middle Median Price,Middle Income
422,2016,SC,162803.02903333333,54340.0,7.25,Middle Median Price,Low Income
423,2016,SD,186133.125,57450.0,8.55,Middle Median Price,Middle Income
424,2016,TN,133458.7543910526,51340.0,7.25,Low Median Price,Low Income
425,2016,TX,167433.4132041667,58150.0,7.25,Middle Median Price,Middle Income
426,2016,UT,272403.0416666667,67480.0,7.25,Middle Median Price,Middle Income
427,2016,VA,219843.92594444443,66450.0,7.25,Middle Median Price,Middle Income
428,2016,WA,245088.1203555556,70310.0,9.47,Middle Median Price,Middle Income
429,2016,WI,147495.13889833333,59820.0,7.25,Low Median Price,Middle Income
430,2016,WV,115825.0,44350.0,8.75,Low Median Price,Low Income
431,2016,WY,202810.41665,57830.0,5.15,Middle Median Price,Middle Income
432,2017,AL,140836.87500833333,50870.0,7.25,Low Median Price,Low Income
433,2017,AR,131392.43518555554,49750.0,8.5,Low Median Price,Low Income
434,2017,AZ,207583.91667777777,59700.0,10.0,Middle Median Price,Middle Income
435,2017,CA,408551.78712000005,70040.0,10.0,High Median Price,Middle Income
436,2017,CO,335155.70835,74980.0,9.3,High Median Price,Middle Income
437,2017,CT,253072.46664,74300.0,10.1,Middle Median Price,Middle Income
438,2017,DE,217897.29165,64960.0,8.25,Middle Median Price,Middle Income
439,2017,FL,206065.3750125,53090.0,8.1,Middle Median Price,Low Income
440,2017,GA,149685.62501350002,57990.0,5.15,Low Median Price,Middle Income
441,2017,HI,503612.125,73600.0,9.25,High Median Price,Middle Income
442,2017,IA,139978.56666,63470.0,7.25,Low Median Price,Middle Income
443,2017,ID,186748.520825,59500.0,7.25,Middle Median Price,Middle Income
444,2017,IL,117626.0000017647,65970.0,8.25,Low Median Price,Middle Income
445,2017,IN,127200.536454375,58770.0,7.25,Low Median Price,Middle Income
446,2017,KS,139530.3333,56900.0,7.25,Low Median Price,Middle Income
447,2017,KY,133521.60605454547,49670.0,7.25,Low Median Price,Low Income
448,2017,LA,167998.5625125,43570.0,7.25,Middle Median Price,Low Income
449,2017,MA,283501.0,76240.0,11.0,Middle Median Price,Middle Income
450,2017,MD,226284.366666,82090.0,8.75,Middle Median Price,High Income
451,2017,ME,173549.33335,53320.0,9.0,Middle Median Price,Low Income
452,2017,MI,137407.58332590907,56410.0,8.9,Low Median Price,Middle Income
453,2017,MN,172329.2878727273,69980.0,7.75,Middle Median Price,Middle Income
454,2017,MO,137414.15475714285,56530.0,7.7,Low Median Price,Middle Income
455,2017,MS,150327.0833,43280.0,7.25,Middle Median Price,Low Income
456,2017,MT,240832.291675,57410.0,8.15,Middle Median Price,Middle Income
457,2017,NC,171454.21236870968,49550.0,7.25,Middle Median Price,Low Income
458,2017,ND,221657.125,60170.0,7.25,Middle Median Price,Middle Income
459,2017,NE,162958.3333,59580.0,9.0,Middle Median Price,Middle Income
460,2017,NH,215238.16665,75630.0,7.25,Middle Median Price,Middle Income
461,2017,NJ,231555.22915,71240.0,8.44,Middle Median Price,Middle Income
462,2017,NM,158089.749975,45600.0,7.5,Middle Median Price,Low Income
463,2017,NV,264233.30555,58040.0,7.25,Middle Median Price,Middle Income
464,2017,NY,158300.708333125,61540.0,9.7,Middle Median Price,Middle Income
465,2017,OH,118053.80334,60690.0,8.15,Low Median Price,Middle Income
466,2017,OK,125949.72914999998,51880.0,2.0,Low Median Price,Low Income
467,2017,OR,245485.6999933333,62500.0,9.75,Middle Median Price,Middle Income
468,2017,PA,146711.7651518182,61290.0,7.25,Low Median Price,Middle Income
469,2017,RI,252262.5,65400.0,9.6,Middle Median Price,Middle Income
470,2017,SC,170806.66666666666,54540.0,7.25,Middle Median Price,Low Income
471,2017,SD,193430.83335,56910.0,8.65,Middle Median Price,Middle Income
472,2017,TN,142614.20614210525,55310.0,7.25,Low Median Price,Middle Income
473,2017,TX,176113.5138916667,60090.0,7.25,Middle Median Price,Middle Income
474,2017,UT,308884.0833333334,69790.0,7.25,High Median Price,Middle Income
475,2017,VA,226537.37964444445,70810.0,7.25,Middle Median Price,Middle Income
476,2017,WA,269907.1388777778,71540.0,11.0,Middle Median Price,Middle Income
477,2017,WI,156349.1296388889,63480.0,7.25,Middle Median Price,Middle Income
478,2017,WV,113381.0833,46960.0,8.75,Low Median Price,Low Income
479,2017,WY,214354.16666666663,59540.0,5.15,Middle Median Price,Middle Income
480,2018,AL,151614.39584166667,49940.0,7.25,Middle Median Price,Low Income
481,2018,AR,136215.85184111109,49780.0,8.5,Low Median Price,Low Income
482,2018,AZ,227383.35185555555,62280.0,10.5,Middle Median Price,Middle Income
483,2018,CA,440239.5722266666,70490.0,11.0,High Median Price,Middle Income
484,2018,CO,365439.13095,73030.0,10.2,High Median Price,Middle Income
485,2018,CT,254530.83334,72810.0,10.1,Middle Median Price,Middle Income
486,2018,DE,223789.5833,65010.0,8.25,Middle Median Price,Middle Income
487,2018,FL,221558.72568750003,54640.0,8.25,Middle Median Price,Low Income
488,2018,GA,158747.78463333333,55820.0,5.15,Middle Median Price,Middle Income
489,2018,HI,538037.250025,80110.0,10.1,High Median Price,High Income
490,2018,IA,145687.91668,68720.0,7.25,Low Median Price,Middle Income
491,2018,ID,215018.64585,58730.0,7.25,Middle Median Price,Middle Income
492,2018,IL,120783.49019411764,70150.0,8.25,Low Median Price,Middle Income
493,2018,IN,135138.533665,59890.0,7.25,Low Median Price,Middle Income
494,2018,KS,146895.8333,63940.0,7.25,Low Median Price,Middle Income
495,2018,KY,142027.82576363636,54560.0,7.25,Low Median Price,Low Income
496,2018,LA,174049.6249875,49970.0,7.25,Middle Median Price,Low Income
497,2018,MA,297735.91666,86350.0,11.0,Middle Median Price,High Income
498,2018,MD,230270.05,86220.0,10.1,Middle Median Price,High Income
499,2018,ME,186286.020825,58660.0,10.0,Middle Median Price,Middle Income
500,2018,MI,146376.57576363636,60450.0,9.25,Low Median Price,Middle Income
501,2018,MN,184022.79544545457,71820.0,8.04,Middle Median Price,Middle Income
502,2018,MO,146218.98214285713,61730.0,7.85,Low Median Price,Middle Income
503,2018,MS,159476.125,42780.0,7.25,Middle Median Price,Low Income
504,2018,MT,258392.458325,57680.0,8.3,Middle Median Price,Middle Income
505,2018,NC,182344.40591838708,53370.0,7.25,Middle Median Price,Low Income
506,2018,ND,227298.875,66510.0,7.25,Middle Median Price,Middle Income
507,2018,NE,179019.2917,67580.0,9.0,Middle Median Price,Middle Income
508,2018,NH,224626.791675,81350.0,7.25,Middle Median Price,High Income
509,2018,NJ,237334.374975,74180.0,8.6,Middle Median Price,Middle Income
510,2018,NM,168779.1875,48280.0,7.5,Middle Median Price,Low Income
511,2018,NV,301453.0833333333,61860.0,7.25,High Median Price,Middle Income
512,2018,NY,164919.848958125,67270.0,10.4,Middle Median Price,Middle Income
513,2018,OH,124743.8611,61630.0,8.3,Low Median Price,Middle Income
514,2018,OK,130170.989575,54430.0,2.0,Low Median Price,Low Income
515,2018,OR,268420.31666666665,69170.0,10.75,Middle Median Price,Middle Income
516,2018,PA,151795.42424090908,64520.0,7.25,Middle Median Price,Middle Income
517,2018,RI,267408.3333,62270.0,10.1,Middle Median Price,Middle Income
518,2018,SC,182207.26388333333,57440.0,7.25,Middle Median Price,Middle Income
519,2018,SD,208202.91665,59460.0,8.85,Middle Median Price,Middle Income
520,2018,TN,155914.55263157893,56060.0,7.25,Middle Median Price,Middle Income
521,2018,TX,188027.031824,59790.0,7.25,Middle Median Price,Middle Income
522,2018,UT,336843.68055000005,77070.0,7.25,High Median Price,Middle Income
523,2018,VA,234621.36111111112,77150.0,7.25,Middle Median Price,Middle Income
524,2018,WA,295697.74073333334,79730.0,11.5,Middle Median Price,Middle Income
525,2018,WI,167150.4074,62630.0,7.25,Middle Median Price,Middle Income
526,2018,WV,117057.75,50570.0,8.75,Low Median Price,Low Income
527,2018,WY,218613.41666666663,62540.0,5.15,Middle Median Price,Middle Income
528,2019,AL,159112.736125,56200.0,7.25,Middle Median Price,Middle Income
529,2019,AR,144831.02777777778,54540.0,9.25,Low Median Price,Low Income
530,2019,AZ,245841.35186666664,70670.0,12.0,Middle Median Price,Middle Income
531,2019,CA,449326.56110333337,78110.0,12.0,High Median Price,Middle Income
532,2019,CO,383900.7440357143,72500.0,12.0,High Median Price,Middle Income
533,2019,CT,254168.15,87290.0,11.0,Middle Median Price,High Income
534,2019,DE,236025.0,74190.0,9.25,Middle Median Price,Middle Income
535,2019,FL,233145.25000416668,58370.0,8.56,Middle Median Price,Middle Income
536,2019,GA,170521.78968095238,56630.0,5.15,Middle Median Price,Middle Income
537,2019,HI,556421.95835,88010.0,10.1,High Median Price,High Income
538,2019,IA,156192.08333999998,66050.0,7.25,Middle Median Price,Middle Income
539,2019,ID,236021.0,65990.0,7.25,Middle Median Price,Middle Income
540,2019,IL,126562.50000588236,74400.0,9.25,Low Median Price,Middle Income
541,2019,IN,143104.2627563158,66690.0,7.25,Low Median Price,Middle Income
542,2019,KS,154693.75,73150.0,7.25,Middle Median Price,Middle Income
543,2019,KY,151095.1287909091,55660.0,7.25,Middle Median Price,Middle Income
544,2019,LA,177990.822925,51710.0,7.25,Middle Median Price,Low Income
545,2019,MA,308479.38334,87710.0,12.75,High Median Price,High Income
546,2019,MD,233899.9179166667,95570.0,11.0,Middle Median Price,High Income
547,2019,ME,194899.375025,66550.0,12.0,Middle Median Price,Middle Income
548,2019,MI,154681.41304347827,64120.0,9.65,Middle Median Price,Middle Income
549,2019,MN,195997.23483636364,81430.0,8.15,Middle Median Price,High Income
550,2019,MO,155130.41766,60600.0,9.45,Middle Median Price,Middle Income
551,2019,MS,168540.75,44790.0,7.25,Middle Median Price,Low Income
552,2019,MT,279028.75,60200.0,8.65,Middle Median Price,Middle Income
553,2019,NC,190788.2106990625,61160.0,7.25,Middle Median Price,Middle Income
554,2019,ND,236506.25,70030.0,7.25,Middle Median Price,Middle Income
555,2019,NE,187583.33335,73070.0,9.0,Middle Median Price,Middle Income
556,2019,NH,233558.6875,86900.0,7.25,Middle Median Price,High Income
557,2019,NJ,244305.2083,87730.0,11.0,Middle Median Price,High Income
558,2019,NM,180826.04165,53110.0,9.0,Middle Median Price,Low Income
559,2019,NV,321269.18055,70910.0,7.25,High Median Price,Middle Income
560,2019,NY,172347.307291875,71860.0,11.8,Middle Median Price,Middle Income
561,2019,OH,131154.36110851853,64660.0,8.7,Low Median Price,Middle Income
562,2019,OK,139128.05975555556,59400.0,2.0,Low Median Price,Middle Income
563,2019,OR,285352.49999333336,74410.0,11.25,Middle Median Price,Middle Income
564,2019,PA,158592.66287863636,70580.0,7.25,Middle Median Price,Middle Income
565,2019,RI,282770.8333,70150.0,10.5,Middle Median Price,Middle Income
566,2019,SC,189772.73611666667,62030.0,7.25,Middle Median Price,Middle Income
567,2019,SD,221538.875,64260.0,9.3,Middle Median Price,Middle Income
568,2019,TN,166128.1184105263,56630.0,7.25,Middle Median Price,Middle Income
569,2019,TX,197396.269996,67440.0,7.25,Middle Median Price,Middle Income
570,2019,UT,361390.56943333335,84520.0,7.25,High Median Price,High Income
571,2019,VA,244145.0092444445,81310.0,7.25,Middle Median Price,High Income
572,2019,WA,319625.3518333333,82450.0,13.5,High Median Price,High Income
573,2019,WI,177276.60648333334,67360.0,7.25,Middle Median Price,Middle Income
574,2019,WV,126745.8333,53710.0,8.75,Low Median Price,Low Income
575,2019,WY,234204.16666666663,65130.0,5.15,Middle Median Price,Middle Income
576,2020,AL,175003.36805833332,54690.0,7.25,Middle Median Price,Low Income
577,2020,AR,158062.49073333334,50780.0,10.0,Middle Median Price,Low Income
578,2020,AZ,276136.8611222222,67090.0,12.0,Middle Median Price,Middle Income
579,2020,CA,487046.52776333335,77650.0,13.0,High Median Price,Middle Income
580,2020,CO,430843.35119285714,83780.0,12.0,High Median Price,High Income
581,2020,CT,286215.83334,79430.0,11.0,Middle Median Price,Middle Income
582,2020,DE,260811.4583,70020.0,9.25,Middle Median Price,Middle Income
583,2020,FL,252444.302212,57760.0,8.56,Middle Median Price,Middle Income
584,2020,GA,190048.90872857143,59270.0,5.15,Middle Median Price,Middle Income
585,2020,HI,606526.041675,80830.0,10.1,High Median Price,High Income
586,2020,IA,163306.66668,68820.0,7.25,Middle Median Price,Middle Income
587,2020,ID,271363.6458,66730.0,7.25,Middle Median Price,Middle Income
588,2020,IL,126864.3333365,74330.0,9.25,Low Median Price,Middle Income
589,2020,IN,155121.14913157895,66810.0,7.25,Middle Median Price,Middle Income
590,2020,KS,167091.6667,73080.0,7.25,Middle Median Price,Middle Income
591,2020,KY,169403.34847272726,56760.0,7.25,Middle Median Price,Middle Income
592,2020,LA,191331.697925,51190.0,7.25,Middle Median Price,Low Income
593,2020,MA,344309.45,87810.0,12.75,High Median Price,High Income
594,2020,MD,261026.15278333327,94790.0,11.0,Middle Median Price,High Income
595,2020,ME,220809.89585,63690.0,12.0,Middle Median Price,Middle Income
596,2020,MI,170334.78985652173,64390.0,9.65,Middle Median Price,Middle Income
597,2020,MN,212773.19697272728,78750.0,8.15,Middle Median Price,Middle Income
598,2020,MO,166383.359375,62180.0,9.45,Middle Median Price,Middle Income
599,2020,MS,188600.625,45130.0,7.25,Middle Median Price,Low Income
600,2020,MT,312011.9375,56740.0,8.65,High Median Price,Middle Income
601,2020,NC,213742.906246875,60430.0,7.25,Middle Median Price,Middle Income
602,2020,ND,247931.25,64120.0,7.25,Middle Median Price,Middle Income
603,2020,NE,201487.5,72250.0,9.0,Middle Median Price,Middle Income
604,2020,NH,264642.208325,88890.0,7.25,Middle Median Price,High Income
605,2020,NJ,275092.47915,85550.0,11.0,Middle Median Price,High Income
606,2020,NM,192686.208325,50910.0,9.0,Middle Median Price,Low Income
607,2020,NV,349655.9166666667,61160.0,7.25,High Median Price,Middle Income
608,2020,NY,191384.19117058825,68660.0,11.8,Middle Median Price,Middle Income
609,2020,OH,140227.90125666666,60380.0,8.7,Low Median Price,Middle Income
610,2020,OK,157008.17500000002,52470.0,2.0,Middle Median Price,Low Income
611,2020,OR,315584.27777333336,76860.0,11.25,High Median Price,Middle Income
612,2020,PA,172108.8484818182,70790.0,7.25,Middle Median Price,Middle Income
613,2020,RI,310745.8333,80180.0,10.5,High Median Price,High Income
614,2020,SC,211301.19444166668,60340.0,7.25,Middle Median Price,Middle Income
615,2020,SD,238175.9167,70190.0,9.3,Middle Median Price,Middle Income
616,2020,TN,187447.99697,54980.0,7.25,Middle Median Price,Low Income
617,2020,TX,210271.5401222222,68400.0,7.25,Middle Median Price,Middle Income
618,2020,UT,378754.2023857143,83990.0,7.25,High Median Price,High Income
619,2020,VA,267314.26852222224,82210.0,7.25,Middle Median Price,High Income
620,2020,WA,357457.69444444444,81360.0,13.5,High Median Price,High Income
621,2020,WI,187044.23340952385,67410.0,7.25,Middle Median Price,Middle Income
622,2020,WV,136391.6667,51970.0,8.75,Low Median Price,Low Income
623,2020,WY,245854.72223333333,65450.0,5.15,Middle Median Price,Middle Income
624,2021,AL,198394.34028333327,56930.0,7.25,Middle Median Price,Middle Income
625,2021,AR,180964.49074444445,50780.0,11.0,Middle Median Price,Low Income
626,2021,AZ,339793.3055555556,70820.0,12.15,High Median Price,Middle Income
627,2021,CA,564357.6388900001,81580.0,14.0,High Median Price,High Income
628,2021,CO,504210.29762142856,84950.0,12.32,High Median Price,High Income
629,2021,CT,316226.66668,80960.0,13.0,High Median Price,High Income
630,2021,DE,297876.875,68690.0,9.25,Middle Median Price,Middle Income
631,2021,FL,293425.400004,59730.0,10.0,Middle Median Price,Middle Income
632,2021,GA,217760.55951904765,61500.0,7.25,Middle Median Price,Middle Income
633,2021,HI,693023.958325,82200.0,10.1,High Median Price,High Income
634,2021,IA,177701.48335999998,72430.0,7.25,Middle Median Price,Middle Income
635,2021,ID,343496.666675,76920.0,7.25,High Median Price,Middle Income
636,2021,IL,133471.5583405,79250.0,11.0,Low Median Price,Middle Income
637,2021,IN,173006.9780631579,70190.0,7.25,Middle Median Price,Middle Income
638,2021,KS,185633.3333,75980.0,7.25,Middle Median Price,Middle Income
639,2021,KY,190955.46211818184,55630.0,7.25,Middle Median Price,Middle Income
640,2021,LA,208437.1354125,57210.0,7.25,Middle Median Price,Middle Income
641,2021,MA,392612.60002,86570.0,13.5,High Median Price,High Income
642,2021,MD,280295.4444333333,97330.0,11.75,Middle Median Price,High Income
643,2021,ME,262607.916675,71140.0,12.15,Middle Median Price,Middle Income
644,2021,MI,188346.01449130435,64490.0,9.65,Middle Median Price,Middle Income
645,2021,MN,227903.4861,80440.0,8.21,Middle Median Price,High Income
646,2021,MO,182825.55391764708,63590.0,10.3,Middle Median Price,Middle Income
647,2021,MS,203308.3333,46640.0,7.25,Middle Median Price,Low Income
648,2021,MT,394672.1875,65000.0,8.75,High Median Price,Middle Income
649,2021,NC,246679.8541625,62890.0,7.25,Middle Median Price,Middle Income
650,2021,ND,258464.16670000003,68880.0,7.25,Middle Median Price,Middle Income
651,2021,NE,227547.2083,78110.0,9.0,Middle Median Price,Middle Income
652,2021,NH,308972.8125,88840.0,7.25,High Median Price,High Income
653,2021,NJ,310222.91665,88560.0,12.0,High Median Price,High Income
654,2021,NM,212078.43648333332,53460.0,10.5,Middle Median Price,Low Income
655,2021,NV,418707.88888333336,64340.0,8.75,High Median Price,Middle Income
656,2021,NY,217126.7546388889,72920.0,12.5,Middle Median Price,Middle Income
657,2021,OH,152966.8954096774,62690.0,7.25,Middle Median Price,Middle Income
658,2021,OK,169173.59166,60100.0,7.25,Middle Median Price,Middle Income
659,2021,OR,376438.42778,81860.0,12.75,High Median Price,High Income
660,2021,PA,188733.196965,72630.0,7.25,Middle Median Price,Middle Income
661,2021,RI,353358.3333,74980.0,11.5,High Median Price,Middle Income
662,2021,SC,240847.00693333332,62540.0,7.25,Middle Median Price,Middle Income
663,2021,SD,273792.95835,73890.0,9.45,Middle Median Price,Middle Income
664,2021,TN,227444.975,62170.0,7.25,Middle Median Price,Middle Income
665,2021,TX,244291.34259259255,67400.0,7.25,Middle Median Price,Middle Income
666,2021,UT,465337.1428428572,87650.0,7.25,High Median Price,High Income
667,2021,VA,293235.64815555554,80270.0,9.5,Middle Median Price,High Income
668,2021,WA,429420.42593333335,87650.0,13.69,High Median Price,High Income
669,2021,WI,203985.06746190475,69940.0,7.25,Middle Median Price,Middle Income
670,2021,WV,151150.0,46840.0,7.25,Middle Median Price,Low Income
671,2021,WY,264427.7778,71050.0,7.25,Middle Median Price,Middle Income
672,2022,AL,216632.54166666663,59910.0,7.25,Middle Median Price,Middle Income
673,2022,AR,201002.2222111111,53980.0,11.0,Middle Median Price,Low Income
674,2022,AZ,384259.2870444444,73450.0,12.8,High Median Price,Middle Income
675,2022,CA,608345.6777833333,85300.0,15.0,High Median Price,High Income
676,2022,CO,569348.6369142857,89930.0,12.56,High Median Price,High Income
677,2022,CT,341104.16666,90730.0,14.0,High Median Price,High Income
678,2022,DE,325295.98485,80750.0,10.5,High Median Price,High Income
679,2022,FL,349895.703332,65370.0,11.0,High Median Price,Middle Income
680,2022,GA,245394.06746666663,67730.0,7.25,Middle Median Price,Middle Income
681,2022,HI,777521.270825,91010.0,10.1,High Median Price,High Income
682,2022,IA,200776.66666,76320.0,7.25,Middle Median Price,Middle Income
683,2022,ID,367738.33332,72580.0,7.25,High Median Price,Middle Income
684,2022,IL,140619.97917150002,78020.0,12.0,Low Median Price,Middle Income
685,2022,IN,188470.17982631575,70030.0,7.25,Middle Median Price,Middle Income
686,2022,KS,199208.3333,73040.0,7.25,Middle Median Price,Middle Income
687,2022,KY,210186.2348454545,55880.0,7.25,Middle Median Price,Middle Income
688,2022,LA,218723.479175,58330.0,7.25,Middle Median Price,Middle Income
689,2022,MA,435805.71666,93550.0,14.25,High Median Price,High Income
690,2022,MD,299193.74998333334,108200.0,12.5,Middle Median Price,High Income
691,2022,ME,294441.583325,75160.0,12.75,Middle Median Price,Middle Income
692,2022,MI,208120.3662695652,68990.0,9.87,Middle Median Price,Middle Income
693,2022,MN,240759.56945,90390.0,8.42,Middle Median Price,High Income
694,2022,MO,200388.8676529412,71520.0,11.15,Middle Median Price,Middle Income
695,2022,MS,222845.8333,48610.0,7.25,Middle Median Price,Low Income
696,2022,MT,456293.75,72980.0,9.2,High Median Price,Middle Income
697,2022,NC,281076.854153125,65070.0,7.25,Middle Median Price,Middle Income
698,2022,ND,278795.04165,78720.0,7.25,Middle Median Price,Middle Income
699,2022,NE,250938.33335000003,78360.0,9.0,Middle Median Price,Middle Income
700,2022,NH,346491.6875,84970.0,7.25,High Median Price,High Income
701,2022,NJ,334608.47915,92340.0,11.9,High Median Price,High Income
702,2022,NM,230323.06945,56420.0,11.5,Middle Median Price,Middle Income
703,2022,NV,464338.9583166667,72330.0,9.5,High Median Price,Middle Income
704,2022,NY,241338.14352222224,75910.0,13.2,Middle Median Price,Middle Income
705,2022,OH,164762.67448387097,67520.0,7.25,Middle Median Price,Middle Income
706,2022,OK,178529.13568181815,63440.0,7.25,Middle Median Price,Middle Income
707,2022,OR,415267.6166666666,86780.0,13.5,High Median Price,High Income
708,2022,PA,206974.76892727276,72210.0,7.25,Middle Median Price,Middle Income
709,2022,RI,388708.3333,80650.0,12.25,High Median Price,High Income
710,2022,SC,270576.517675,61770.0,7.25,Middle Median Price,Middle Income
711,2022,SD,312761.6667,67180.0,9.95,High Median Price,Middle Income
712,2022,TN,259578.791665,65380.0,7.25,Middle Median Price,Middle Income
713,2022,TX,270197.5277777777,74640.0,7.25,Middle Median Price,Middle Income
714,2022,UT,529917.8452857144,95800.0,7.25,High Median Price,High Income
715,2022,VA,319745.3518333333,85170.0,11.0,High Median Price,High Income
716,2022,WA,467987.5,89430.0,14.49,High Median Price,High Income
717,2022,WI,223892.57937142852,73330.0,7.25,Middle Median Price,Middle Income
718,2022,WV,152927.0833,52460.0,7.25,Middle Median Price,Low Income
719,2022,WY,281688.8889,73090.0,7.25,Middle Median Price,Middle Income
